{
  "artifact_directory": "/Users/hamidasif/Documents/GitHub/WorldCupFinalPredictor/artifacts/models/lightgbm_poisson_v1",
  "best_iterations": {
    "away_goals": 50,
    "home_goals": 43
  },
  "dataset_rows": 114,
  "feature_count": 30,
  "feature_importance_gain": {
    "away_goals": {
      "away_clean_sheet_rate": 11.136487901210785,
      "away_draw_rate": 23.548018097877502,
      "away_effective_sample_size": 3.31556099653244,
      "away_goal_difference": 27.7044570595026,
      "away_goals_against": 35.557550840079784,
      "away_goals_for": 49.44237081706524,
      "away_home_match_share": 37.31044811010361,
      "away_loss_rate": 8.172200113534927,
      "away_matches_considered": 26.079584687948227,
      "away_points_per_match": 1.080759972333908,
      "away_sample_confidence": 0.0,
      "away_scoring_rate": 7.630338966846466,
      "away_win_rate": 11.466272056102753,
      "delta_goal_difference": 27.60421296954155,
      "delta_points_per_match": 16.235690981149673,
      "home_clean_sheet_rate": 19.679748117923737,
      "home_draw_rate": 14.984612956643105,
      "home_effective_sample_size": 11.573290461208671,
      "home_goal_difference": 39.32372599840164,
      "home_goals_against": 20.441931188106537,
      "home_goals_for": 15.146909803152084,
      "home_home_match_share": 63.54817599058151,
      "home_loss_rate": 26.670503973960876,
      "home_matches_considered": 25.538422346115112,
      "home_points_per_match": 4.644658982753754,
      "home_sample_confidence": 0.2591109871864319,
      "home_scoring_rate": 11.612295806407928,
      "home_win_rate": 6.8903641402721405,
      "match_month": 2.0938099920749664,
      "match_year": 4.611406981945038
    },
    "home_goals": {
      "away_clean_sheet_rate": 58.73298913240433,
      "away_draw_rate": 14.110283009707928,
      "away_effective_sample_size": 44.27476289868355,
      "away_goal_difference": 4.812053978443146,
      "away_goals_against": 30.752564162015915,
      "away_goals_for": 37.923342764377594,
      "away_home_match_share": 75.66864539682865,
      "away_loss_rate": 19.781266689300537,
      "away_matches_considered": 5.333386957645416,
      "away_points_per_match": 6.79631906747818,
      "away_sample_confidence": 1.2617599964141846,
      "away_scoring_rate": 73.49159902334213,
      "away_win_rate": 4.772002935409546,
      "delta_goal_difference": 20.288990139961243,
      "delta_points_per_match": 32.53682589530945,
      "home_clean_sheet_rate": 20.380867063999176,
      "home_draw_rate": 12.218052089214325,
      "home_effective_sample_size": 28.468684494495392,
      "home_goal_difference": 14.517780184745789,
      "home_goals_against": 56.666280031204224,
      "home_goals_for": 76.32864528894424,
      "home_home_match_share": 54.28646939992905,
      "home_loss_rate": 10.012857913970947,
      "home_matches_considered": 32.42718017101288,
      "home_points_per_match": 29.89442719705403,
      "home_sample_confidence": 38.209840297698975,
      "home_scoring_rate": 27.240110874176025,
      "home_win_rate": 29.98314332962036,
      "match_month": 7.956331133842468,
      "match_year": 0.4592120051383972
    }
  },
  "feature_names": [
    "home_matches_considered",
    "home_effective_sample_size",
    "home_win_rate",
    "home_draw_rate",
    "home_loss_rate",
    "home_points_per_match",
    "home_goals_for",
    "home_goals_against",
    "home_goal_difference",
    "home_clean_sheet_rate",
    "home_scoring_rate",
    "home_home_match_share",
    "home_sample_confidence",
    "away_matches_considered",
    "away_effective_sample_size",
    "away_win_rate",
    "away_draw_rate",
    "away_loss_rate",
    "away_points_per_match",
    "away_goals_for",
    "away_goals_against",
    "away_goal_difference",
    "away_clean_sheet_rate",
    "away_scoring_rate",
    "away_home_match_share",
    "away_sample_confidence",
    "delta_points_per_match",
    "delta_goal_difference",
    "match_year",
    "match_month"
  ],
  "limitations": [
    "Training data is limited to open World Cup match results.",
    "Older open-data editions contain selected matches rather than complete tournaments.",
    "Scores may include extra time; regulation and extra-time labels are not yet separated.",
    "Historical matchup and lineup coverage is not yet dense enough for baseline training features."
  ],
  "model_version": "lightgbm_poisson_v1",
  "trained_through": "2022-12-18",
  "training_rows": 91,
  "validation": {
    "away_goal_mae": 0.7642293025089563,
    "away_poisson_deviance": 1.1185517213405782,
    "combined_goal_mae": 0.9265335216331057,
    "end_date": "2022-12-18",
    "home_goal_mae": 1.088837740757255,
    "home_poisson_deviance": 1.191402861655394,
    "rows": 23,
    "start_date": "2022-12-01"
  }
}